{
  "runtime": "flutter_kiwi_nlp",
  "platform": "ios",
  "generated_at_utc": "2026-02-17T14:25:44.466778Z",
  "warmup_runs": 3,
  "measure_runs": 15,
  "top_n": 1,
  "num_threads": -1,
  "build_options": 1039,
  "create_match_options": 8454175,
  "analyze_match_options": 8454175,
  "trial_id": 1,
  "sentence_count": 40,
  "init_ms": 1828.152,
  "elapsed_ms": 320.54,
  "total_analyses": 600,
  "total_chars": 20340,
  "total_tokens": 9660,
  "analyses_per_sec": 1871.8412678604852,
  "chars_per_sec": 63455.418980470444,
  "tokens_per_sec": 30136.64441255381,
  "avg_latency_ms": 0.5342333333333333,
  "avg_token_latency_us": 33.18219461697723
}