{
  "runtime": "flutter_kiwi_nlp",
  "platform": "ios",
  "generated_at_utc": "2026-02-17T14:26:10.255150Z",
  "warmup_runs": 3,
  "measure_runs": 15,
  "top_n": 1,
  "num_threads": -1,
  "build_options": 1039,
  "create_match_options": 8454175,
  "analyze_match_options": 8454175,
  "trial_id": 2,
  "sentence_count": 40,
  "init_ms": 1537.863,
  "elapsed_ms": 304.939,
  "total_analyses": 600,
  "total_chars": 20340,
  "total_tokens": 9660,
  "analyses_per_sec": 1967.6066360813145,
  "chars_per_sec": 66701.86496315656,
  "tokens_per_sec": 31678.466840909165,
  "avg_latency_ms": 0.5082316666666667,
  "avg_token_latency_us": 31.56718426501035
}