{
  "runtime": "flutter_kiwi_nlp",
  "platform": "ios",
  "generated_at_utc": "2026-02-17T14:26:58.843064Z",
  "warmup_runs": 3,
  "measure_runs": 15,
  "top_n": 1,
  "num_threads": -1,
  "build_options": 1039,
  "create_match_options": 8454175,
  "analyze_match_options": 8454175,
  "trial_id": 4,
  "sentence_count": 40,
  "init_ms": 1454.805,
  "elapsed_ms": 314.539,
  "total_analyses": 600,
  "total_chars": 20340,
  "total_tokens": 9660,
  "analyses_per_sec": 1907.55359430786,
  "chars_per_sec": 64666.066847036454,
  "tokens_per_sec": 30711.612868356548,
  "avg_latency_ms": 0.5242316666666667,
  "avg_token_latency_us": 32.56097308488613
}