{
  "runtime": "flutter_kiwi_nlp",
  "platform": "ios",
  "generated_at_utc": "2026-02-17T14:26:33.283460Z",
  "warmup_runs": 3,
  "measure_runs": 15,
  "top_n": 1,
  "num_threads": -1,
  "build_options": 1039,
  "create_match_options": 8454175,
  "analyze_match_options": 8454175,
  "trial_id": 3,
  "sentence_count": 40,
  "init_ms": 1467.431,
  "elapsed_ms": 355.073,
  "total_analyses": 600,
  "total_chars": 20340,
  "total_tokens": 9660,
  "analyses_per_sec": 1689.793366434508,
  "chars_per_sec": 57283.99512212982,
  "tokens_per_sec": 27205.673199595578,
  "avg_latency_ms": 0.5917883333333332,
  "avg_token_latency_us": 36.75703933747412
}