{
  "runtime": "flutter_kiwi_nlp",
  "platform": "ios",
  "generated_at_utc": "2026-02-17T14:27:24.661957Z",
  "warmup_runs": 3,
  "measure_runs": 15,
  "top_n": 1,
  "num_threads": -1,
  "build_options": 1039,
  "create_match_options": 8454175,
  "analyze_match_options": 8454175,
  "trial_id": 5,
  "sentence_count": 40,
  "init_ms": 1419.061,
  "elapsed_ms": 276.208,
  "total_analyses": 600,
  "total_chars": 20340,
  "total_tokens": 9660,
  "analyses_per_sec": 2172.275965938713,
  "chars_per_sec": 73640.15524532237,
  "tokens_per_sec": 34973.643051613275,
  "avg_latency_ms": 0.46034666666666674,
  "avg_token_latency_us": 28.59296066252588
}