{
  "runtime": "kiwipiepy",
  "platform": "macOS-15.7.4-arm64-arm-64bit-Mach-O",
  "generated_at_utc": "2026-02-17T14:26:35Z",
  "warmup_runs": 3,
  "measure_runs": 15,
  "top_n": 1,
  "num_workers": -1,
  "build_options": 1039,
  "create_match_options": 8454175,
  "analyze_match_options": 8454175,
  "trial_id": 3,
  "model_type": "cong",
  "sentence_count": 40,
  "init_ms": 1088.9586250123102,
  "elapsed_ms": 175.01745800836943,
  "total_analyses": 600,
  "total_chars": 20340,
  "total_tokens": 9645,
  "analyses_per_sec": 3428.229428239711,
  "chars_per_sec": 116216.9776173262,
  "tokens_per_sec": 55108.78805895336,
  "avg_latency_ms": 0.29169576334728237,
  "avg_token_latency_us": 18.145926180235296
}