{
  "runtime": "kiwipiepy",
  "platform": "macOS-15.7.4-arm64-arm-64bit-Mach-O",
  "generated_at_utc": "2026-02-17T14:25:46Z",
  "warmup_runs": 3,
  "measure_runs": 15,
  "top_n": 1,
  "num_workers": -1,
  "build_options": 1039,
  "create_match_options": 8454175,
  "analyze_match_options": 8454175,
  "trial_id": 1,
  "model_type": "cong",
  "sentence_count": 40,
  "init_ms": 753.660625021439,
  "elapsed_ms": 173.74941598973237,
  "total_analyses": 600,
  "total_chars": 20340,
  "total_tokens": 9645,
  "analyses_per_sec": 3453.2490171676704,
  "chars_per_sec": 117065.14168198402,
  "tokens_per_sec": 55510.9779509703,
  "avg_latency_ms": 0.2895823599828873,
  "avg_token_latency_us": 18.014454742325803
}