{
  "runtime": "kiwipiepy",
  "platform": "macOS-15.7.4-arm64-arm-64bit-Mach-O",
  "generated_at_utc": "2026-02-17T14:27:26Z",
  "warmup_runs": 3,
  "measure_runs": 15,
  "top_n": 1,
  "num_workers": -1,
  "build_options": 1039,
  "create_match_options": 8454175,
  "analyze_match_options": 8454175,
  "trial_id": 5,
  "model_type": "cong",
  "sentence_count": 40,
  "init_ms": 688.6362499790266,
  "elapsed_ms": 179.49224999756552,
  "total_analyses": 600,
  "total_chars": 20340,
  "total_tokens": 9645,
  "analyses_per_sec": 3342.762709855929,
  "chars_per_sec": 113319.655864116,
  "tokens_per_sec": 53734.91056093406,
  "avg_latency_ms": 0.2991537499959425,
  "avg_token_latency_us": 18.609875582951325
}