{
  "runtime": "kiwipiepy",
  "platform": "macOS-15.7.4-arm64-arm-64bit-Mach-O",
  "generated_at_utc": "2026-02-17T14:27:00Z",
  "warmup_runs": 3,
  "measure_runs": 15,
  "top_n": 1,
  "num_workers": -1,
  "build_options": 1039,
  "create_match_options": 8454175,
  "analyze_match_options": 8454175,
  "trial_id": 4,
  "model_type": "cong",
  "sentence_count": 40,
  "init_ms": 722.3944999859668,
  "elapsed_ms": 192.18325000838377,
  "total_analyses": 600,
  "total_chars": 20340,
  "total_tokens": 9645,
  "analyses_per_sec": 3122.020259173605,
  "chars_per_sec": 105836.48678598521,
  "tokens_per_sec": 50186.4756662157,
  "avg_latency_ms": 0.3203054166806396,
  "avg_token_latency_us": 19.925686885265293
}