{
  "runtime": "kiwipiepy",
  "platform": "macOS-15.7.4-arm64-arm-64bit-Mach-O",
  "generated_at_utc": "2026-02-17T14:26:12Z",
  "warmup_runs": 3,
  "measure_runs": 15,
  "top_n": 1,
  "num_workers": -1,
  "build_options": 1039,
  "create_match_options": 8454175,
  "analyze_match_options": 8454175,
  "trial_id": 2,
  "model_type": "cong",
  "sentence_count": 40,
  "init_ms": 666.9684999797028,
  "elapsed_ms": 179.5588749810122,
  "total_analyses": 600,
  "total_chars": 20340,
  "total_tokens": 9645,
  "analyses_per_sec": 3341.5223840283484,
  "chars_per_sec": 113277.608818561,
  "tokens_per_sec": 53714.9723232557,
  "avg_latency_ms": 0.29926479163502034,
  "avg_token_latency_us": 18.6167833054445
}