{
  "runtime": "flutter_kiwi_nlp",
  "platform": "android",
  "generated_at_utc": "2026-02-17T14:33:32.176340Z",
  "warmup_runs": 3,
  "measure_runs": 15,
  "top_n": 1,
  "num_threads": -1,
  "build_options": 1039,
  "create_match_options": 8454175,
  "analyze_match_options": 8454175,
  "trial_id": 4,
  "sentence_count": 40,
  "init_ms": 4349.633,
  "elapsed_ms": 303.283,
  "total_analyses": 600,
  "total_chars": 20340,
  "total_tokens": 9660,
  "analyses_per_sec": 1978.3502537234199,
  "chars_per_sec": 67066.07360122394,
  "tokens_per_sec": 31851.43908494706,
  "avg_latency_ms": 0.5054716666666667,
  "avg_token_latency_us": 31.39575569358178
}