{
  "runtime": "flutter_kiwi_nlp",
  "platform": "android",
  "generated_at_utc": "2026-02-17T14:31:35.302456Z",
  "warmup_runs": 3,
  "measure_runs": 15,
  "top_n": 1,
  "num_threads": -1,
  "build_options": 1039,
  "create_match_options": 8454175,
  "analyze_match_options": 8454175,
  "trial_id": 1,
  "sentence_count": 40,
  "init_ms": 8064.881,
  "elapsed_ms": 592.648,
  "total_analyses": 600,
  "total_chars": 20340,
  "total_tokens": 9660,
  "analyses_per_sec": 1012.4053401007005,
  "chars_per_sec": 34320.54102941375,
  "tokens_per_sec": 16299.725975621277,
  "avg_latency_ms": 0.9877466666666667,
  "avg_token_latency_us": 61.35072463768116
}