{
  "runtime": "flutter_kiwi_nlp",
  "platform": "android",
  "generated_at_utc": "2026-02-17T14:32:16.579657Z",
  "warmup_runs": 3,
  "measure_runs": 15,
  "top_n": 1,
  "num_threads": -1,
  "build_options": 1039,
  "create_match_options": 8454175,
  "analyze_match_options": 8454175,
  "trial_id": 2,
  "sentence_count": 40,
  "init_ms": 4182.772,
  "elapsed_ms": 301.035,
  "total_analyses": 600,
  "total_chars": 20340,
  "total_tokens": 9660,
  "analyses_per_sec": 1993.1237231551145,
  "chars_per_sec": 67566.89421495837,
  "tokens_per_sec": 32089.291942797343,
  "avg_latency_ms": 0.5017250000000001,
  "avg_token_latency_us": 31.16304347826087
}