{
  "runtime": "flutter_kiwi_nlp",
  "platform": "android",
  "generated_at_utc": "2026-02-17T14:32:56.784223Z",
  "warmup_runs": 3,
  "measure_runs": 15,
  "top_n": 1,
  "num_threads": -1,
  "build_options": 1039,
  "create_match_options": 8454175,
  "analyze_match_options": 8454175,
  "trial_id": 3,
  "sentence_count": 40,
  "init_ms": 4957.727,
  "elapsed_ms": 362.064,
  "total_analyses": 600,
  "total_chars": 20340,
  "total_tokens": 9660,
  "analyses_per_sec": 1657.165583985152,
  "chars_per_sec": 56177.913297096646,
  "tokens_per_sec": 26680.365902160946,
  "avg_latency_ms": 0.6034400000000001,
  "avg_token_latency_us": 37.480745341614906
}