{
  "runtime": "flutter_kiwi_nlp",
  "platform": "android",
  "generated_at_utc": "2026-02-17T14:34:17.605902Z",
  "warmup_runs": 3,
  "measure_runs": 15,
  "top_n": 1,
  "num_threads": -1,
  "build_options": 1039,
  "create_match_options": 8454175,
  "analyze_match_options": 8454175,
  "trial_id": 5,
  "sentence_count": 40,
  "init_ms": 7694.031,
  "elapsed_ms": 336.388,
  "total_analyses": 600,
  "total_chars": 20340,
  "total_tokens": 9660,
  "analyses_per_sec": 1783.6545893432585,
  "chars_per_sec": 60465.890578736464,
  "tokens_per_sec": 28716.838888426464,
  "avg_latency_ms": 0.5606466666666666,
  "avg_token_latency_us": 34.822774327122154
}