{
  "runtime": "kiwipiepy",
  "platform": "macOS-15.7.4-arm64-arm-64bit-Mach-O",
  "generated_at_utc": "2026-02-17T14:31:41Z",
  "warmup_runs": 3,
  "measure_runs": 15,
  "top_n": 1,
  "num_workers": -1,
  "build_options": 1039,
  "create_match_options": 8454175,
  "analyze_match_options": 8454175,
  "trial_id": 1,
  "model_type": "cong",
  "sentence_count": 40,
  "init_ms": 1202.3000000044703,
  "elapsed_ms": 225.1367919961922,
  "total_analyses": 600,
  "total_chars": 20340,
  "total_tokens": 9645,
  "analyses_per_sec": 2665.046413249719,
  "chars_per_sec": 90345.07340916547,
  "tokens_per_sec": 42840.62109298923,
  "avg_latency_ms": 0.3752279866603203,
  "avg_token_latency_us": 23.34233198508991
}