{
  "runtime": "kiwipiepy",
  "platform": "macOS-15.7.4-arm64-arm-64bit-Mach-O",
  "generated_at_utc": "2026-02-17T14:32:22Z",
  "warmup_runs": 3,
  "measure_runs": 15,
  "top_n": 1,
  "num_workers": -1,
  "build_options": 1039,
  "create_match_options": 8454175,
  "analyze_match_options": 8454175,
  "trial_id": 2,
  "model_type": "cong",
  "sentence_count": 40,
  "init_ms": 1729.6830420091283,
  "elapsed_ms": 230.37704100715928,
  "total_analyses": 600,
  "total_chars": 20340,
  "total_tokens": 9645,
  "analyses_per_sec": 2604.426193586514,
  "chars_per_sec": 88290.04796258282,
  "tokens_per_sec": 41866.151061903205,
  "avg_latency_ms": 0.38396173501193215,
  "avg_token_latency_us": 23.885644479746944
}