{
  "runtime": "kiwipiepy",
  "platform": "macOS-15.7.4-arm64-arm-64bit-Mach-O",
  "generated_at_utc": "2026-02-17T14:33:01Z",
  "warmup_runs": 3,
  "measure_runs": 15,
  "top_n": 1,
  "num_workers": -1,
  "build_options": 1039,
  "create_match_options": 8454175,
  "analyze_match_options": 8454175,
  "trial_id": 3,
  "model_type": "cong",
  "sentence_count": 40,
  "init_ms": 1096.5744580025785,
  "elapsed_ms": 173.7272500176914,
  "total_analyses": 600,
  "total_chars": 20340,
  "total_tokens": 9645,
  "analyses_per_sec": 3453.6896194402398,
  "chars_per_sec": 117080.07809902413,
  "tokens_per_sec": 55518.06063250185,
  "avg_latency_ms": 0.28954541669615236,
  "avg_token_latency_us": 18.012156559636228
}