{
  "runtime": "kiwipiepy",
  "platform": "macOS-15.7.4-arm64-arm-64bit-Mach-O",
  "generated_at_utc": "2026-02-17T14:34:23Z",
  "warmup_runs": 3,
  "measure_runs": 15,
  "top_n": 1,
  "num_workers": -1,
  "build_options": 1039,
  "create_match_options": 8454175,
  "analyze_match_options": 8454175,
  "trial_id": 5,
  "model_type": "cong",
  "sentence_count": 40,
  "init_ms": 1473.5113329952583,
  "elapsed_ms": 176.1019160039723,
  "total_analyses": 600,
  "total_chars": 20340,
  "total_tokens": 9645,
  "analyses_per_sec": 3407.117955414329,
  "chars_per_sec": 115501.29868854575,
  "tokens_per_sec": 54769.42113328534,
  "avg_latency_ms": 0.29350319333995384,
  "avg_token_latency_us": 18.258363504818277
}