{
  "runtime": "kiwipiepy",
  "platform": "macOS-15.7.4-arm64-arm-64bit-Mach-O",
  "generated_at_utc": "2026-02-17T14:33:37Z",
  "warmup_runs": 3,
  "measure_runs": 15,
  "top_n": 1,
  "num_workers": -1,
  "build_options": 1039,
  "create_match_options": 8454175,
  "analyze_match_options": 8454175,
  "trial_id": 4,
  "model_type": "cong",
  "sentence_count": 40,
  "init_ms": 1177.2270000074059,
  "elapsed_ms": 182.78050000662915,
  "total_analyses": 600,
  "total_chars": 20340,
  "total_tokens": 9645,
  "analyses_per_sec": 3282.62588174471,
  "chars_per_sec": 111281.01739114567,
  "tokens_per_sec": 52768.211049046215,
  "avg_latency_ms": 0.30463416667771526,
  "avg_token_latency_us": 18.950803525829876
}