{
  "runtime": "flutter_kiwi_nlp",
  "platform": "ios",
  "generated_at_utc": "2026-02-17T16:02:46.186505Z",
  "warmup_runs": 5,
  "measure_runs": 30,
  "top_n": 1,
  "num_threads": -1,
  "build_options": 1039,
  "create_match_options": 8454175,
  "analyze_match_options": 8454175,
  "trial_id": 7,
  "sentence_count": 40,
  "init_ms": 1595.771,
  "elapsed_ms": 592.123,
  "total_analyses": 1200,
  "total_chars": 40680,
  "total_tokens": 19320,
  "analyses_per_sec": 2026.6059585592857,
  "chars_per_sec": 68701.94199515978,
  "tokens_per_sec": 32628.355932804498,
  "avg_latency_ms": 0.49343583333333335,
  "avg_token_latency_us": 30.6481884057971
}