{
  "runtime": "flutter_kiwi_nlp",
  "platform": "ios",
  "generated_at_utc": "2026-02-17T16:04:07.985926Z",
  "warmup_runs": 5,
  "measure_runs": 30,
  "top_n": 1,
  "num_threads": -1,
  "build_options": 1039,
  "create_match_options": 8454175,
  "analyze_match_options": 8454175,
  "trial_id": 10,
  "sentence_count": 40,
  "init_ms": 1435.283,
  "elapsed_ms": 656.049,
  "total_analyses": 1200,
  "total_chars": 40680,
  "total_tokens": 19320,
  "analyses_per_sec": 1829.1316654701097,
  "chars_per_sec": 62007.56345943672,
  "tokens_per_sec": 29449.019814068768,
  "avg_latency_ms": 0.5467075,
  "avg_token_latency_us": 33.95698757763975
}