{
  "runtime": "flutter_kiwi_nlp",
  "platform": "ios",
  "generated_at_utc": "2026-02-17T16:01:57.430832Z",
  "warmup_runs": 5,
  "measure_runs": 30,
  "top_n": 1,
  "num_threads": -1,
  "build_options": 1039,
  "create_match_options": 8454175,
  "analyze_match_options": 8454175,
  "trial_id": 5,
  "sentence_count": 40,
  "init_ms": 1405.493,
  "elapsed_ms": 511.786,
  "total_analyses": 1200,
  "total_chars": 40680,
  "total_tokens": 19320,
  "analyses_per_sec": 2344.7300238771677,
  "chars_per_sec": 79486.34780943597,
  "tokens_per_sec": 37750.153384422396,
  "avg_latency_ms": 0.42648833333333336,
  "avg_token_latency_us": 26.489958592132506
}