{
  "runtime": "flutter_kiwi_nlp",
  "platform": "ios",
  "generated_at_utc": "2026-02-17T16:03:15.558480Z",
  "warmup_runs": 5,
  "measure_runs": 30,
  "top_n": 1,
  "num_threads": -1,
  "build_options": 1039,
  "create_match_options": 8454175,
  "analyze_match_options": 8454175,
  "trial_id": 8,
  "sentence_count": 40,
  "init_ms": 1443.81,
  "elapsed_ms": 606.82,
  "total_analyses": 1200,
  "total_chars": 40680,
  "total_tokens": 19320,
  "analyses_per_sec": 1977.5221647275962,
  "chars_per_sec": 67038.00138426552,
  "tokens_per_sec": 31838.1068521143,
  "avg_latency_ms": 0.5056833333333334,
  "avg_token_latency_us": 31.408902691511386
}