{
  "runtime": "flutter_kiwi_nlp",
  "platform": "ios",
  "generated_at_utc": "2026-02-17T16:01:09.399490Z",
  "warmup_runs": 5,
  "measure_runs": 30,
  "top_n": 1,
  "num_threads": -1,
  "build_options": 1039,
  "create_match_options": 8454175,
  "analyze_match_options": 8454175,
  "trial_id": 3,
  "sentence_count": 40,
  "init_ms": 1713.27,
  "elapsed_ms": 545.359,
  "total_analyses": 1200,
  "total_chars": 40680,
  "total_tokens": 19320,
  "analyses_per_sec": 2200.3854341818874,
  "chars_per_sec": 74593.06621876598,
  "tokens_per_sec": 35426.205490328386,
  "avg_latency_ms": 0.45446583333333335,
  "avg_token_latency_us": 28.227691511387164
}