{
  "runtime": "flutter_kiwi_nlp",
  "platform": "ios",
  "generated_at_utc": "2026-02-17T16:02:19.795703Z",
  "warmup_runs": 5,
  "measure_runs": 30,
  "top_n": 1,
  "num_threads": -1,
  "build_options": 1039,
  "create_match_options": 8454175,
  "analyze_match_options": 8454175,
  "trial_id": 6,
  "sentence_count": 40,
  "init_ms": 1509.134,
  "elapsed_ms": 718.688,
  "total_analyses": 1200,
  "total_chars": 40680,
  "total_tokens": 19320,
  "analyses_per_sec": 1669.7092479629548,
  "chars_per_sec": 56603.143505944165,
  "tokens_per_sec": 26882.31889220357,
  "avg_latency_ms": 0.5989066666666667,
  "avg_token_latency_us": 37.1991718426501
}