{
  "runtime": "flutter_kiwi_nlp",
  "platform": "ios",
  "generated_at_utc": "2026-02-17T16:03:41.732850Z",
  "warmup_runs": 5,
  "measure_runs": 30,
  "top_n": 1,
  "num_threads": -1,
  "build_options": 1039,
  "create_match_options": 8454175,
  "analyze_match_options": 8454175,
  "trial_id": 9,
  "sentence_count": 40,
  "init_ms": 1520.194,
  "elapsed_ms": 634.794,
  "total_analyses": 1200,
  "total_chars": 40680,
  "total_tokens": 19320,
  "analyses_per_sec": 1890.3770356997704,
  "chars_per_sec": 64083.781510222216,
  "tokens_per_sec": 30435.070274766305,
  "avg_latency_ms": 0.528995,
  "avg_token_latency_us": 32.856832298136645
}