{
  "runtime": "flutter_kiwi_nlp",
  "platform": "ios",
  "generated_at_utc": "2026-02-17T16:00:21.419500Z",
  "warmup_runs": 5,
  "measure_runs": 30,
  "top_n": 1,
  "num_threads": -1,
  "build_options": 1039,
  "create_match_options": 8454175,
  "analyze_match_options": 8454175,
  "trial_id": 1,
  "sentence_count": 40,
  "init_ms": 1261.281,
  "elapsed_ms": 530.461,
  "total_analyses": 1200,
  "total_chars": 40680,
  "total_tokens": 19320,
  "analyses_per_sec": 2262.183270777682,
  "chars_per_sec": 76688.01287936342,
  "tokens_per_sec": 36421.15065952068,
  "avg_latency_ms": 0.44205083333333334,
  "avg_token_latency_us": 27.456573498964804
}