{
  "runtime": "flutter_kiwi_nlp",
  "platform": "ios",
  "generated_at_utc": "2026-02-17T16:00:46.262157Z",
  "warmup_runs": 5,
  "measure_runs": 30,
  "top_n": 1,
  "num_threads": -1,
  "build_options": 1039,
  "create_match_options": 8454175,
  "analyze_match_options": 8454175,
  "trial_id": 2,
  "sentence_count": 40,
  "init_ms": 1336.359,
  "elapsed_ms": 491.017,
  "total_analyses": 1200,
  "total_chars": 40680,
  "total_tokens": 19320,
  "analyses_per_sec": 2443.9072374276248,
  "chars_per_sec": 82848.45534879649,
  "tokens_per_sec": 39346.90652258476,
  "avg_latency_ms": 0.4091808333333333,
  "avg_token_latency_us": 25.414958592132503
}