{
  "runtime": "flutter_kiwi_nlp",
  "platform": "ios",
  "generated_at_utc": "2026-02-17T16:01:32.568324Z",
  "warmup_runs": 5,
  "measure_runs": 30,
  "top_n": 1,
  "num_threads": -1,
  "build_options": 1039,
  "create_match_options": 8454175,
  "analyze_match_options": 8454175,
  "trial_id": 4,
  "sentence_count": 40,
  "init_ms": 1347.128,
  "elapsed_ms": 596.648,
  "total_analyses": 1200,
  "total_chars": 40680,
  "total_tokens": 19320,
  "analyses_per_sec": 2011.2361057105695,
  "chars_per_sec": 68180.9039835883,
  "tokens_per_sec": 32380.90130194017,
  "avg_latency_ms": 0.4972066666666667,
  "avg_token_latency_us": 30.8824016563147
}