{
  "runtime": "kiwipiepy",
  "platform": "macOS-15.7.4-arm64-arm-64bit-Mach-O",
  "generated_at_utc": "2026-02-17T16:04:10Z",
  "warmup_runs": 5,
  "measure_runs": 30,
  "top_n": 1,
  "num_workers": -1,
  "build_options": 1039,
  "create_match_options": 8454175,
  "analyze_match_options": 8454175,
  "trial_id": 10,
  "model_type": "cong",
  "sentence_count": 40,
  "init_ms": 842.2387500177138,
  "elapsed_ms": 340.96191701246426,
  "total_analyses": 1200,
  "total_chars": 40680,
  "total_tokens": 19290,
  "analyses_per_sec": 3519.4546373814896,
  "chars_per_sec": 119309.5122072325,
  "tokens_per_sec": 56575.23329590745,
  "avg_latency_ms": 0.2841349308437202,
  "avg_token_latency_us": 17.675578901631116
}