{
  "runtime": "kiwipiepy",
  "platform": "macOS-15.7.4-arm64-arm-64bit-Mach-O",
  "generated_at_utc": "2026-02-17T16:02:22Z",
  "warmup_runs": 5,
  "measure_runs": 30,
  "top_n": 1,
  "num_workers": -1,
  "build_options": 1039,
  "create_match_options": 8454175,
  "analyze_match_options": 8454175,
  "trial_id": 6,
  "model_type": "cong",
  "sentence_count": 40,
  "init_ms": 766.3734579982702,
  "elapsed_ms": 357.5855419912841,
  "total_analyses": 1200,
  "total_chars": 40680,
  "total_tokens": 19290,
  "analyses_per_sec": 3355.840376871974,
  "chars_per_sec": 113762.98877595992,
  "tokens_per_sec": 53945.13405821698,
  "avg_latency_ms": 0.29798795165940345,
  "avg_token_latency_us": 18.53735313588824
}