{
  "runtime": "kiwipiepy",
  "platform": "macOS-15.7.4-arm64-arm-64bit-Mach-O",
  "generated_at_utc": "2026-02-17T16:00:23Z",
  "warmup_runs": 5,
  "measure_runs": 30,
  "top_n": 1,
  "num_workers": -1,
  "build_options": 1039,
  "create_match_options": 8454175,
  "analyze_match_options": 8454175,
  "trial_id": 1,
  "model_type": "cong",
  "sentence_count": 40,
  "init_ms": 791.9607080111746,
  "elapsed_ms": 340.2827910031192,
  "total_analyses": 1200,
  "total_chars": 40680,
  "total_tokens": 19290,
  "analyses_per_sec": 3526.4786575381067,
  "chars_per_sec": 119547.62649054182,
  "tokens_per_sec": 56688.14441992507,
  "avg_latency_ms": 0.2835689925025993,
  "avg_token_latency_us": 17.640372783987516
}