{
  "runtime": "kiwipiepy",
  "platform": "macOS-15.7.4-arm64-arm-64bit-Mach-O",
  "generated_at_utc": "2026-02-17T16:01:11Z",
  "warmup_runs": 5,
  "measure_runs": 30,
  "top_n": 1,
  "num_workers": -1,
  "build_options": 1039,
  "create_match_options": 8454175,
  "analyze_match_options": 8454175,
  "trial_id": 3,
  "model_type": "cong",
  "sentence_count": 40,
  "init_ms": 652.7594999934081,
  "elapsed_ms": 330.5099590215832,
  "total_analyses": 1200,
  "total_chars": 40680,
  "total_tokens": 19290,
  "analyses_per_sec": 3630.7529236105006,
  "chars_per_sec": 123082.52411039597,
  "tokens_per_sec": 58364.3532470388,
  "avg_latency_ms": 0.2754249658513193,
  "avg_token_latency_us": 17.133745931652836
}