{
  "runtime": "kiwipiepy",
  "platform": "macOS-15.7.4-arm64-arm-64bit-Mach-O",
  "generated_at_utc": "2026-02-17T16:02:48Z",
  "warmup_runs": 5,
  "measure_runs": 30,
  "top_n": 1,
  "num_workers": -1,
  "build_options": 1039,
  "create_match_options": 8454175,
  "analyze_match_options": 8454175,
  "trial_id": 7,
  "model_type": "cong",
  "sentence_count": 40,
  "init_ms": 955.5656670127064,
  "elapsed_ms": 360.4951669985894,
  "total_analyses": 1200,
  "total_chars": 40680,
  "total_tokens": 19290,
  "analyses_per_sec": 3328.7547513908708,
  "chars_per_sec": 112844.78607215053,
  "tokens_per_sec": 53509.73262860825,
  "avg_latency_ms": 0.30041263916549116,
  "avg_token_latency_us": 18.68818906161687
}