{
  "runtime": "kiwipiepy",
  "platform": "macOS-15.7.4-arm64-arm-64bit-Mach-O",
  "generated_at_utc": "2026-02-17T16:03:18Z",
  "warmup_runs": 5,
  "measure_runs": 30,
  "top_n": 1,
  "num_workers": -1,
  "build_options": 1039,
  "create_match_options": 8454175,
  "analyze_match_options": 8454175,
  "trial_id": 8,
  "model_type": "cong",
  "sentence_count": 40,
  "init_ms": 659.040583006572,
  "elapsed_ms": 392.04416700522415,
  "total_analyses": 1200,
  "total_chars": 40680,
  "total_tokens": 19290,
  "analyses_per_sec": 3060.879617637595,
  "chars_per_sec": 103763.81903791448,
  "tokens_per_sec": 49203.63985352434,
  "avg_latency_ms": 0.32670347250435344,
  "avg_token_latency_us": 20.32369968922883
}