{
  "runtime": "kiwipiepy",
  "platform": "macOS-15.7.4-arm64-arm-64bit-Mach-O",
  "generated_at_utc": "2026-02-17T16:01:59Z",
  "warmup_runs": 5,
  "measure_runs": 30,
  "top_n": 1,
  "num_workers": -1,
  "build_options": 1039,
  "create_match_options": 8454175,
  "analyze_match_options": 8454175,
  "trial_id": 5,
  "model_type": "cong",
  "sentence_count": 40,
  "init_ms": 638.7965000176337,
  "elapsed_ms": 347.57595800329,
  "total_analyses": 1200,
  "total_chars": 40680,
  "total_tokens": 19290,
  "analyses_per_sec": 3452.4827519532905,
  "chars_per_sec": 117039.16529121654,
  "tokens_per_sec": 55498.66023764914,
  "avg_latency_ms": 0.28964663166940835,
  "avg_token_latency_us": 18.018452980989633
}