{
  "runtime": "kiwipiepy",
  "platform": "macOS-15.7.4-arm64-arm-64bit-Mach-O",
  "generated_at_utc": "2026-02-17T16:00:48Z",
  "warmup_runs": 5,
  "measure_runs": 30,
  "top_n": 1,
  "num_workers": -1,
  "build_options": 1039,
  "create_match_options": 8454175,
  "analyze_match_options": 8454175,
  "trial_id": 2,
  "model_type": "cong",
  "sentence_count": 40,
  "init_ms": 677.0383749972098,
  "elapsed_ms": 332.9131670179777,
  "total_analyses": 1200,
  "total_chars": 40680,
  "total_tokens": 19290,
  "analyses_per_sec": 3604.5435233121875,
  "chars_per_sec": 122194.02544028315,
  "tokens_per_sec": 57943.03713724342,
  "avg_latency_ms": 0.2774276391816481,
  "avg_token_latency_us": 17.258329031517764
}