{
  "runtime": "kiwipiepy",
  "platform": "macOS-15.7.4-arm64-arm-64bit-Mach-O",
  "generated_at_utc": "2026-02-17T16:01:35Z",
  "warmup_runs": 5,
  "measure_runs": 30,
  "top_n": 1,
  "num_workers": -1,
  "build_options": 1039,
  "create_match_options": 8454175,
  "analyze_match_options": 8454175,
  "trial_id": 4,
  "model_type": "cong",
  "sentence_count": 40,
  "init_ms": 901.5134169894736,
  "elapsed_ms": 372.9292920033913,
  "total_analyses": 1200,
  "total_chars": 40680,
  "total_tokens": 19290,
  "analyses_per_sec": 3217.7681553346247,
  "chars_per_sec": 109082.34046584376,
  "tokens_per_sec": 51725.62309700409,
  "avg_latency_ms": 0.3107744100028261,
  "avg_token_latency_us": 19.33277822723646
}