{
  "runtime": "kiwipiepy",
  "platform": "macOS-15.7.4-arm64-arm-64bit-Mach-O",
  "generated_at_utc": "2026-02-17T16:03:43Z",
  "warmup_runs": 5,
  "measure_runs": 30,
  "top_n": 1,
  "num_workers": -1,
  "build_options": 1039,
  "create_match_options": 8454175,
  "analyze_match_options": 8454175,
  "trial_id": 9,
  "model_type": "cong",
  "sentence_count": 40,
  "init_ms": 733.5424589982722,
  "elapsed_ms": 339.2820000008214,
  "total_analyses": 1200,
  "total_chars": 40680,
  "total_tokens": 19290,
  "analyses_per_sec": 3536.880824792045,
  "chars_per_sec": 119900.25996045033,
  "tokens_per_sec": 56855.35925853213,
  "avg_latency_ms": 0.2827350000006845,
  "avg_token_latency_us": 17.588491446387838
}