{
  "runtime": "flutter_kiwi_nlp",
  "platform": "android",
  "generated_at_utc": "2026-02-17T15:56:25.466105Z",
  "warmup_runs": 5,
  "measure_runs": 30,
  "top_n": 1,
  "num_threads": -1,
  "build_options": 1039,
  "create_match_options": 8454175,
  "analyze_match_options": 8454175,
  "trial_id": 9,
  "sentence_count": 40,
  "init_ms": 4110.064,
  "elapsed_ms": 597.189,
  "total_analyses": 1200,
  "total_chars": 40680,
  "total_tokens": 19320,
  "analyses_per_sec": 2009.4141050823107,
  "chars_per_sec": 68119.13816229033,
  "tokens_per_sec": 32351.567091825204,
  "avg_latency_ms": 0.4976575,
  "avg_token_latency_us": 30.910403726708076
}