{
  "runtime": "flutter_kiwi_nlp",
  "platform": "android",
  "generated_at_utc": "2026-02-17T15:53:20.438429Z",
  "warmup_runs": 5,
  "measure_runs": 30,
  "top_n": 1,
  "num_threads": -1,
  "build_options": 1039,
  "create_match_options": 8454175,
  "analyze_match_options": 8454175,
  "trial_id": 3,
  "sentence_count": 40,
  "init_ms": 3783.101,
  "elapsed_ms": 586.789,
  "total_analyses": 1200,
  "total_chars": 40680,
  "total_tokens": 19320,
  "analyses_per_sec": 2045.0281106155705,
  "chars_per_sec": 69326.45294986785,
  "tokens_per_sec": 32924.952580910685,
  "avg_latency_ms": 0.4889908333333333,
  "avg_token_latency_us": 30.372101449275362
}