{
  "runtime": "flutter_kiwi_nlp",
  "platform": "android",
  "generated_at_utc": "2026-02-17T15:56:53.180429Z",
  "warmup_runs": 5,
  "measure_runs": 30,
  "top_n": 1,
  "num_threads": -1,
  "build_options": 1039,
  "create_match_options": 8454175,
  "analyze_match_options": 8454175,
  "trial_id": 10,
  "sentence_count": 40,
  "init_ms": 6308.646,
  "elapsed_ms": 855.249,
  "total_analyses": 1200,
  "total_chars": 40680,
  "total_tokens": 19320,
  "analyses_per_sec": 1403.100149780941,
  "chars_per_sec": 47565.0950775739,
  "tokens_per_sec": 22589.91241147315,
  "avg_latency_ms": 0.7127075,
  "avg_token_latency_us": 44.26754658385093
}