{
  "runtime": "flutter_kiwi_nlp",
  "platform": "android",
  "generated_at_utc": "2026-02-17T15:52:16.620588Z",
  "warmup_runs": 5,
  "measure_runs": 30,
  "top_n": 1,
  "num_threads": -1,
  "build_options": 1039,
  "create_match_options": 8454175,
  "analyze_match_options": 8454175,
  "trial_id": 1,
  "sentence_count": 40,
  "init_ms": 4076.028,
  "elapsed_ms": 597.964,
  "total_analyses": 1200,
  "total_chars": 40680,
  "total_tokens": 19320,
  "analyses_per_sec": 2006.8097745014747,
  "chars_per_sec": 68030.8513556,
  "tokens_per_sec": 32309.637369473745,
  "avg_latency_ms": 0.4983033333333334,
  "avg_token_latency_us": 30.950517598343684
}