{
  "runtime": "flutter_kiwi_nlp",
  "platform": "android",
  "generated_at_utc": "2026-02-17T15:53:52.020496Z",
  "warmup_runs": 5,
  "measure_runs": 30,
  "top_n": 1,
  "num_threads": -1,
  "build_options": 1039,
  "create_match_options": 8454175,
  "analyze_match_options": 8454175,
  "trial_id": 4,
  "sentence_count": 40,
  "init_ms": 4675.888,
  "elapsed_ms": 583.663,
  "total_analyses": 1200,
  "total_chars": 40680,
  "total_tokens": 19320,
  "analyses_per_sec": 2055.98093420347,
  "chars_per_sec": 69697.75366949763,
  "tokens_per_sec": 33101.29304067587,
  "avg_latency_ms": 0.48638583333333335,
  "avg_token_latency_us": 30.21030020703934
}