{
  "runtime": "flutter_kiwi_nlp",
  "platform": "android",
  "generated_at_utc": "2026-02-17T15:55:54.672503Z",
  "warmup_runs": 5,
  "measure_runs": 30,
  "top_n": 1,
  "num_threads": -1,
  "build_options": 1039,
  "create_match_options": 8454175,
  "analyze_match_options": 8454175,
  "trial_id": 8,
  "sentence_count": 40,
  "init_ms": 4499.356,
  "elapsed_ms": 639.869,
  "total_analyses": 1200,
  "total_chars": 40680,
  "total_tokens": 19320,
  "analyses_per_sec": 1875.3838676354067,
  "chars_per_sec": 63575.51311284028,
  "tokens_per_sec": 30193.680268930046,
  "avg_latency_ms": 0.5332241666666667,
  "avg_token_latency_us": 33.119513457556934
}