{
  "runtime": "flutter_kiwi_nlp",
  "platform": "android",
  "generated_at_utc": "2026-02-17T15:54:50.039119Z",
  "warmup_runs": 5,
  "measure_runs": 30,
  "top_n": 1,
  "num_threads": -1,
  "build_options": 1039,
  "create_match_options": 8454175,
  "analyze_match_options": 8454175,
  "trial_id": 6,
  "sentence_count": 40,
  "init_ms": 3944.017,
  "elapsed_ms": 582.041,
  "total_analyses": 1200,
  "total_chars": 40680,
  "total_tokens": 19320,
  "analyses_per_sec": 2061.7104293340158,
  "chars_per_sec": 69891.98355442313,
  "tokens_per_sec": 33193.53791227766,
  "avg_latency_ms": 0.4850341666666667,
  "avg_token_latency_us": 30.12634575569358
}