{
  "runtime": "flutter_kiwi_nlp",
  "platform": "android",
  "generated_at_utc": "2026-02-17T15:54:18.523483Z",
  "warmup_runs": 5,
  "measure_runs": 30,
  "top_n": 1,
  "num_threads": -1,
  "build_options": 1039,
  "create_match_options": 8454175,
  "analyze_match_options": 8454175,
  "trial_id": 5,
  "sentence_count": 40,
  "init_ms": 3401.148,
  "elapsed_ms": 655.11,
  "total_analyses": 1200,
  "total_chars": 40680,
  "total_tokens": 19320,
  "analyses_per_sec": 1831.7534459861704,
  "chars_per_sec": 62096.44181893118,
  "tokens_per_sec": 29491.230480377344,
  "avg_latency_ms": 0.545925,
  "avg_token_latency_us": 33.9083850931677
}