{
  "runtime": "flutter_kiwi_nlp",
  "platform": "android",
  "generated_at_utc": "2026-02-17T15:52:48.415492Z",
  "warmup_runs": 5,
  "measure_runs": 30,
  "top_n": 1,
  "num_threads": -1,
  "build_options": 1039,
  "create_match_options": 8454175,
  "analyze_match_options": 8454175,
  "trial_id": 2,
  "sentence_count": 40,
  "init_ms": 4574.693,
  "elapsed_ms": 554.789,
  "total_analyses": 1200,
  "total_chars": 40680,
  "total_tokens": 19320,
  "analyses_per_sec": 2162.9844859937743,
  "chars_per_sec": 73325.17407518894,
  "tokens_per_sec": 34824.05022449977,
  "avg_latency_ms": 0.46232416666666665,
  "avg_token_latency_us": 28.7157867494824
}