{
  "runtime": "flutter_kiwi_nlp",
  "platform": "android",
  "generated_at_utc": "2026-02-17T15:55:16.568500Z",
  "warmup_runs": 5,
  "measure_runs": 30,
  "top_n": 1,
  "num_threads": -1,
  "build_options": 1039,
  "create_match_options": 8454175,
  "analyze_match_options": 8454175,
  "trial_id": 7,
  "sentence_count": 40,
  "init_ms": 3249.939,
  "elapsed_ms": 507.16,
  "total_analyses": 1200,
  "total_chars": 40680,
  "total_tokens": 19320,
  "analyses_per_sec": 2366.1172016720557,
  "chars_per_sec": 80211.3731366827,
  "tokens_per_sec": 38094.4869469201,
  "avg_latency_ms": 0.42263333333333336,
  "avg_token_latency_us": 26.250517598343684
}