{
  "runtime": "kiwipiepy",
  "platform": "macOS-15.7.4-arm64-arm-64bit-Mach-O",
  "generated_at_utc": "2026-02-17T15:56:58Z",
  "warmup_runs": 5,
  "measure_runs": 30,
  "top_n": 1,
  "num_workers": -1,
  "build_options": 1039,
  "create_match_options": 8454175,
  "analyze_match_options": 8454175,
  "trial_id": 10,
  "model_type": "cong",
  "sentence_count": 40,
  "init_ms": 985.400125005981,
  "elapsed_ms": 514.1472920076922,
  "total_analyses": 1200,
  "total_chars": 40680,
  "total_tokens": 19290,
  "analyses_per_sec": 2333.9615294172295,
  "chars_per_sec": 79121.29584724408,
  "tokens_per_sec": 37518.431585381964,
  "avg_latency_ms": 0.4284560766730768,
  "avg_token_latency_us": 26.653566200502446
}