{
  "runtime": "kiwipiepy",
  "platform": "macOS-15.7.4-arm64-arm-64bit-Mach-O",
  "generated_at_utc": "2026-02-17T15:56:00Z",
  "warmup_runs": 5,
  "measure_runs": 30,
  "top_n": 1,
  "num_workers": -1,
  "build_options": 1039,
  "create_match_options": 8454175,
  "analyze_match_options": 8454175,
  "trial_id": 8,
  "model_type": "cong",
  "sentence_count": 40,
  "init_ms": 910.6462080089841,
  "elapsed_ms": 432.096166012343,
  "total_analyses": 1200,
  "total_chars": 40680,
  "total_tokens": 19290,
  "analyses_per_sec": 2777.159563979379,
  "chars_per_sec": 94145.70921890096,
  "tokens_per_sec": 44642.83999096852,
  "avg_latency_ms": 0.3600801383436192,
  "avg_token_latency_us": 22.400008606134943
}