{
  "runtime": "kiwipiepy",
  "platform": "macOS-15.7.4-arm64-arm-64bit-Mach-O",
  "generated_at_utc": "2026-02-17T15:52:19Z",
  "warmup_runs": 5,
  "measure_runs": 30,
  "top_n": 1,
  "num_workers": -1,
  "build_options": 1039,
  "create_match_options": 8454175,
  "analyze_match_options": 8454175,
  "trial_id": 1,
  "model_type": "cong",
  "sentence_count": 40,
  "init_ms": 1084.2490409850143,
  "elapsed_ms": 333.1210420001298,
  "total_analyses": 1200,
  "total_chars": 40680,
  "total_tokens": 19290,
  "analyses_per_sec": 3602.294207519717,
  "chars_per_sec": 122117.77363491841,
  "tokens_per_sec": 57906.87938587945,
  "avg_latency_ms": 0.2776008683334415,
  "avg_token_latency_us": 17.2691053395609
}