{
  "runtime": "kiwipiepy",
  "platform": "macOS-15.7.4-arm64-arm-64bit-Mach-O",
  "generated_at_utc": "2026-02-17T15:52:52Z",
  "warmup_runs": 5,
  "measure_runs": 30,
  "top_n": 1,
  "num_workers": -1,
  "build_options": 1039,
  "create_match_options": 8454175,
  "analyze_match_options": 8454175,
  "trial_id": 2,
  "model_type": "cong",
  "sentence_count": 40,
  "init_ms": 1343.0421670200303,
  "elapsed_ms": 381.390750000719,
  "total_analyses": 1200,
  "total_chars": 40680,
  "total_tokens": 19290,
  "analyses_per_sec": 3146.379402221312,
  "chars_per_sec": 106662.26173530247,
  "tokens_per_sec": 50578.04889070759,
  "avg_latency_ms": 0.31782562500059913,
  "avg_token_latency_us": 19.77142301714458
}