{
  "runtime": "kiwipiepy",
  "platform": "macOS-15.7.4-arm64-arm-64bit-Mach-O",
  "generated_at_utc": "2026-02-17T15:53:26Z",
  "warmup_runs": 5,
  "measure_runs": 30,
  "top_n": 1,
  "num_workers": -1,
  "build_options": 1039,
  "create_match_options": 8454175,
  "analyze_match_options": 8454175,
  "trial_id": 3,
  "model_type": "cong",
  "sentence_count": 40,
  "init_ms": 1264.9544579908252,
  "elapsed_ms": 330.20620900788344,
  "total_analyses": 1200,
  "total_chars": 40680,
  "total_tokens": 19290,
  "analyses_per_sec": 3634.092779797944,
  "chars_per_sec": 123195.7452351503,
  "tokens_per_sec": 58418.04143525195,
  "avg_latency_ms": 0.27517184083990287,
  "avg_token_latency_us": 17.117999430165032
}