{
  "runtime": "kiwipiepy",
  "platform": "macOS-15.7.4-arm64-arm-64bit-Mach-O",
  "generated_at_utc": "2026-02-17T15:56:30Z",
  "warmup_runs": 5,
  "measure_runs": 30,
  "top_n": 1,
  "num_workers": -1,
  "build_options": 1039,
  "create_match_options": 8454175,
  "analyze_match_options": 8454175,
  "trial_id": 9,
  "model_type": "cong",
  "sentence_count": 40,
  "init_ms": 951.0938330204226,
  "elapsed_ms": 357.9912080022041,
  "total_analyses": 1200,
  "total_chars": 40680,
  "total_tokens": 19290,
  "analyses_per_sec": 3352.0376287917434,
  "chars_per_sec": 113634.0756160401,
  "tokens_per_sec": 53884.00488282728,
  "avg_latency_ms": 0.2983260066685034,
  "avg_token_latency_us": 18.558382996485438
}