{
  "runtime": "kiwipiepy",
  "platform": "macOS-15.7.4-arm64-arm-64bit-Mach-O",
  "generated_at_utc": "2026-02-17T15:55:22Z",
  "warmup_runs": 5,
  "measure_runs": 30,
  "top_n": 1,
  "num_workers": -1,
  "build_options": 1039,
  "create_match_options": 8454175,
  "analyze_match_options": 8454175,
  "trial_id": 7,
  "model_type": "cong",
  "sentence_count": 40,
  "init_ms": 1193.0582920031156,
  "elapsed_ms": 391.91587502136827,
  "total_analyses": 1200,
  "total_chars": 40680,
  "total_tokens": 19290,
  "analyses_per_sec": 3061.881583476487,
  "chars_per_sec": 103797.78567985291,
  "tokens_per_sec": 49219.74645438453,
  "avg_latency_ms": 0.3265965625178069,
  "avg_token_latency_us": 20.317048990221267
}