{
  "runtime": "kiwipiepy",
  "platform": "macOS-15.7.4-arm64-arm-64bit-Mach-O",
  "generated_at_utc": "2026-02-17T15:53:57Z",
  "warmup_runs": 5,
  "measure_runs": 30,
  "top_n": 1,
  "num_workers": -1,
  "build_options": 1039,
  "create_match_options": 8454175,
  "analyze_match_options": 8454175,
  "trial_id": 4,
  "model_type": "cong",
  "sentence_count": 40,
  "init_ms": 1112.7018750121351,
  "elapsed_ms": 333.64283401169814,
  "total_analyses": 1200,
  "total_chars": 40680,
  "total_tokens": 19290,
  "analyses_per_sec": 3596.660493412323,
  "chars_per_sec": 121926.79072667775,
  "tokens_per_sec": 57816.31743160309,
  "avg_latency_ms": 0.27803569500974845,
  "avg_token_latency_us": 17.29615521055978
}