{
  "runtime": "kiwipiepy",
  "platform": "macOS-15.7.4-arm64-arm-64bit-Mach-O",
  "generated_at_utc": "2026-02-17T15:54:55Z",
  "warmup_runs": 5,
  "measure_runs": 30,
  "top_n": 1,
  "num_workers": -1,
  "build_options": 1039,
  "create_match_options": 8454175,
  "analyze_match_options": 8454175,
  "trial_id": 6,
  "model_type": "cong",
  "sentence_count": 40,
  "init_ms": 1138.4455410006922,
  "elapsed_ms": 368.4789999970235,
  "total_analyses": 1200,
  "total_chars": 40680,
  "total_tokens": 19290,
  "analyses_per_sec": 3256.630635693468,
  "chars_per_sec": 110399.77855000856,
  "tokens_per_sec": 52350.3374687725,
  "avg_latency_ms": 0.3070658333308529,
  "avg_token_latency_us": 19.102073613116822
}