{
  "runtime": "kiwipiepy",
  "platform": "macOS-15.7.4-arm64-arm-64bit-Mach-O",
  "generated_at_utc": "2026-02-17T15:54:23Z",
  "warmup_runs": 5,
  "measure_runs": 30,
  "top_n": 1,
  "num_workers": -1,
  "build_options": 1039,
  "create_match_options": 8454175,
  "analyze_match_options": 8454175,
  "trial_id": 5,
  "model_type": "cong",
  "sentence_count": 40,
  "init_ms": 937.8047089849133,
  "elapsed_ms": 345.9864589967765,
  "total_analyses": 1200,
  "total_chars": 40680,
  "total_tokens": 19290,
  "analyses_per_sec": 3468.3438290606055,
  "chars_per_sec": 117576.85580515453,
  "tokens_per_sec": 55753.62705214923,
  "avg_latency_ms": 0.2883220491639804,
  "avg_token_latency_us": 17.936052825130975
}