{
  "runtime": "flutter_kiwi_nlp",
  "platform": "android",
  "generated_at_utc": "2026-02-17T23:39:23.698169Z",
  "warmup_runs": 3,
  "measure_runs": 15,
  "top_n": 1,
  "num_threads": -1,
  "build_options": 1039,
  "create_match_options": 8454175,
  "analyze_match_options": 8454175,
  "analyze_impl": "token_count",
  "trial_id": 2,
  "sentence_count": 40,
  "sample_count": 0,
  "init_ms": 2613.591,
  "elapsed_ms": 267.027,
  "total_analyses": 600,
  "total_chars": 20340,
  "total_tokens": 9660,
  "analyses_per_sec": 2246.9637901785213,
  "chars_per_sec": 76172.07248705186,
  "tokens_per_sec": 36176.11702187419,
  "avg_latency_ms": 0.44504499999999997,
  "avg_token_latency_us": 27.642546583850933,
  "pure_elapsed_ms": 267.027,
  "full_elapsed_ms": 277.884,
  "pure_analyses_per_sec": 2246.9637901785213,
  "full_analyses_per_sec": 2159.174331735544,
  "json_overhead_ms": 10.857000000000028,
  "json_overhead_ratio": 0.039070259532754774,
  "json_overhead_percent": 3.907025953275477,
  "json_overhead_per_analysis_ms": 0.018095000000000045,
  "json_overhead_per_token_us": 1.1239130434782636,
  "sample_outputs": []
}