{
  "runtime": "flutter_kiwi_nlp",
  "platform": "android",
  "generated_at_utc": "2026-02-17T23:40:29.033740Z",
  "warmup_runs": 3,
  "measure_runs": 15,
  "top_n": 1,
  "num_threads": -1,
  "build_options": 1039,
  "create_match_options": 8454175,
  "analyze_match_options": 8454175,
  "analyze_impl": "token_count",
  "trial_id": 4,
  "sentence_count": 40,
  "sample_count": 0,
  "init_ms": 3421.014,
  "elapsed_ms": 290.116,
  "total_analyses": 600,
  "total_chars": 20340,
  "total_tokens": 9660,
  "analyses_per_sec": 2068.138261936605,
  "chars_per_sec": 70109.8870796509,
  "tokens_per_sec": 33297.026017179334,
  "avg_latency_ms": 0.48352666666666666,
  "avg_token_latency_us": 30.03271221532091,
  "pure_elapsed_ms": 290.116,
  "full_elapsed_ms": 398.663,
  "pure_analyses_per_sec": 2068.138261936605,
  "full_analyses_per_sec": 1505.030564662384,
  "json_overhead_ms": 108.54700000000003,
  "json_overhead_ratio": 0.2722775878373464,
  "json_overhead_percent": 27.22775878373464,
  "json_overhead_per_analysis_ms": 0.18091166666666672,
  "json_overhead_per_token_us": 11.23674948240166,
  "sample_outputs": []
}