{
  "runtime": "flutter_kiwi_nlp",
  "platform": "android",
  "generated_at_utc": "2026-02-17T23:39:57.018701Z",
  "warmup_runs": 3,
  "measure_runs": 15,
  "top_n": 1,
  "num_threads": -1,
  "build_options": 1039,
  "create_match_options": 8454175,
  "analyze_match_options": 8454175,
  "analyze_impl": "token_count",
  "trial_id": 3,
  "sentence_count": 40,
  "sample_count": 0,
  "init_ms": 3554.046,
  "elapsed_ms": 307.75,
  "total_analyses": 600,
  "total_chars": 20340,
  "total_tokens": 9660,
  "analyses_per_sec": 1949.6344435418357,
  "chars_per_sec": 66092.60763606823,
  "tokens_per_sec": 31389.114541023555,
  "avg_latency_ms": 0.5129166666666667,
  "avg_token_latency_us": 31.858178053830226,
  "pure_elapsed_ms": 307.75,
  "full_elapsed_ms": 382.273,
  "pure_analyses_per_sec": 1949.6344435418357,
  "full_analyses_per_sec": 1569.5589277819777,
  "json_overhead_ms": 74.52300000000002,
  "json_overhead_ratio": 0.1949470666251606,
  "json_overhead_percent": 19.49470666251606,
  "json_overhead_per_analysis_ms": 0.12420500000000004,
  "json_overhead_per_token_us": 7.714596273291929,
  "sample_outputs": []
}