{
  "runtime": "kiwipiepy",
  "platform": "macOS-15.7.4-arm64-arm-64bit-Mach-O",
  "generated_at_utc": "2026-02-17T23:39:04Z",
  "warmup_runs": 3,
  "measure_runs": 15,
  "top_n": 1,
  "num_workers": -1,
  "build_options": 1039,
  "create_match_options": 8454175,
  "analyze_match_options": 8454175,
  "analyze_impl": "analyze",
  "trial_id": 1,
  "model_type": "cong",
  "sentence_count": 40,
  "sample_count": 0,
  "init_ms": 932.9720420064405,
  "elapsed_ms": 167.66712500248104,
  "total_analyses": 600,
  "total_chars": 20340,
  "total_tokens": 9645,
  "analyses_per_sec": 3578.519044750851,
  "chars_per_sec": 121311.79561705385,
  "tokens_per_sec": 57524.69364436993,
  "avg_latency_ms": 0.2794452083374684,
  "avg_token_latency_us": 17.383838776825407,
  "sample_outputs": []
}