{
  "runtime": "kiwipiepy",
  "platform": "macOS-15.7.4-arm64-arm-64bit-Mach-O",
  "generated_at_utc": "2026-02-17T23:41:17Z",
  "warmup_runs": 3,
  "measure_runs": 15,
  "top_n": 1,
  "num_workers": -1,
  "build_options": 1039,
  "create_match_options": 8454175,
  "analyze_match_options": 8454175,
  "analyze_impl": "analyze",
  "trial_id": 5,
  "model_type": "cong",
  "sentence_count": 40,
  "sample_count": 0,
  "init_ms": 1286.4280000212602,
  "elapsed_ms": 171.71441699611023,
  "total_analyses": 600,
  "total_chars": 20340,
  "total_tokens": 9645,
  "analyses_per_sec": 3494.173701289109,
  "chars_per_sec": 118452.4884737008,
  "tokens_per_sec": 56168.84224822243,
  "avg_latency_ms": 0.28619069499351707,
  "avg_token_latency_us": 17.803464696330764,
  "sample_outputs": []
}