{
  "runtime": "kiwipiepy",
  "platform": "macOS-15.7.4-arm64-arm-64bit-Mach-O",
  "generated_at_utc": "2026-02-17T23:40:09Z",
  "warmup_runs": 3,
  "measure_runs": 15,
  "top_n": 1,
  "num_workers": -1,
  "build_options": 1039,
  "create_match_options": 8454175,
  "analyze_match_options": 8454175,
  "analyze_impl": "analyze",
  "trial_id": 3,
  "model_type": "cong",
  "sentence_count": 40,
  "sample_count": 0,
  "init_ms": 856.9453750096727,
  "elapsed_ms": 176.28829198656604,
  "total_analyses": 600,
  "total_chars": 20340,
  "total_tokens": 9645,
  "analyses_per_sec": 3403.5158729980926,
  "chars_per_sec": 115379.18809463535,
  "tokens_per_sec": 54711.51765844434,
  "avg_latency_ms": 0.2938138199776101,
  "avg_token_latency_us": 18.277687090364545,
  "sample_outputs": []
}