{
  "runtime": "kiwipiepy",
  "platform": "macOS-15.7.4-arm64-arm-64bit-Mach-O",
  "generated_at_utc": "2026-02-17T23:39:37Z",
  "warmup_runs": 3,
  "measure_runs": 15,
  "top_n": 1,
  "num_workers": -1,
  "build_options": 1039,
  "create_match_options": 8454175,
  "analyze_match_options": 8454175,
  "analyze_impl": "analyze",
  "trial_id": 2,
  "model_type": "cong",
  "sentence_count": 40,
  "sample_count": 0,
  "init_ms": 1323.8324999983888,
  "elapsed_ms": 320.73795798351057,
  "total_analyses": 600,
  "total_chars": 20340,
  "total_tokens": 9645,
  "analyses_per_sec": 1870.6859760915686,
  "chars_per_sec": 63416.25458950418,
  "tokens_per_sec": 30071.277065671966,
  "avg_latency_ms": 0.5345632633058509,
  "avg_token_latency_us": 33.254324311405966,
  "sample_outputs": []
}