{
  "runtime": "kiwipiepy",
  "platform": "macOS-15.7.4-arm64-arm-64bit-Mach-O",
  "generated_at_utc": "2026-02-17T23:40:42Z",
  "warmup_runs": 3,
  "measure_runs": 15,
  "top_n": 1,
  "num_workers": -1,
  "build_options": 1039,
  "create_match_options": 8454175,
  "analyze_match_options": 8454175,
  "analyze_impl": "analyze",
  "trial_id": 4,
  "model_type": "cong",
  "sentence_count": 40,
  "sample_count": 0,
  "init_ms": 1236.4979590056464,
  "elapsed_ms": 174.1018750180956,
  "total_analyses": 600,
  "total_chars": 20340,
  "total_tokens": 9645,
  "analyses_per_sec": 3446.2581171951074,
  "chars_per_sec": 116828.15017291413,
  "tokens_per_sec": 55398.59923391135,
  "avg_latency_ms": 0.290169791696826,
  "avg_token_latency_us": 18.05099792826289,
  "sample_outputs": []
}