{
  "runtime": "flutter_kiwi_nlp",
  "platform": "macos",
  "generated_at_utc": "2026-02-17T13:37:34.938723Z",
  "warmup_runs": 3,
  "measure_runs": 15,
  "top_n": 1,
  "num_threads": -1,
  "build_options": 1039,
  "create_match_options": 8454175,
  "analyze_match_options": 8454175,
  "trial_id": 5,
  "sentence_count": 40,
  "init_ms": 1254.094,
  "elapsed_ms": 237.334,
  "total_analyses": 600,
  "total_chars": 20340,
  "total_tokens": 9660,
  "analyses_per_sec": 2528.0827862843084,
  "chars_per_sec": 85702.00645503805,
  "tokens_per_sec": 40702.13285917736,
  "avg_latency_ms": 0.39555666666666667,
  "avg_token_latency_us": 24.568737060041407
}