{
  "runtime": "flutter_kiwi_nlp",
  "platform": "macos",
  "generated_at_utc": "2026-02-17T13:36:34.641905Z",
  "warmup_runs": 3,
  "measure_runs": 15,
  "top_n": 1,
  "num_threads": -1,
  "build_options": 1039,
  "create_match_options": 8454175,
  "analyze_match_options": 8454175,
  "trial_id": 2,
  "sentence_count": 40,
  "init_ms": 1428.257,
  "elapsed_ms": 244.559,
  "total_analyses": 600,
  "total_chars": 20340,
  "total_tokens": 9660,
  "analyses_per_sec": 2453.395704104122,
  "chars_per_sec": 83170.11436912973,
  "tokens_per_sec": 39499.670836076366,
  "avg_latency_ms": 0.40759833333333334,
  "avg_token_latency_us": 25.316666666666666
}