{
  "runtime": "flutter_kiwi_nlp",
  "platform": "macos",
  "generated_at_utc": "2026-02-17T13:36:55.525805Z",
  "warmup_runs": 3,
  "measure_runs": 15,
  "top_n": 1,
  "num_threads": -1,
  "build_options": 1039,
  "create_match_options": 8454175,
  "analyze_match_options": 8454175,
  "trial_id": 3,
  "sentence_count": 40,
  "init_ms": 1382.42,
  "elapsed_ms": 269.307,
  "total_analyses": 600,
  "total_chars": 20340,
  "total_tokens": 9660,
  "analyses_per_sec": 2227.940603103521,
  "chars_per_sec": 75527.18644520937,
  "tokens_per_sec": 35869.84370996669,
  "avg_latency_ms": 0.44884500000000005,
  "avg_token_latency_us": 27.87857142857143
}