{
  "runtime": "flutter_kiwi_nlp",
  "platform": "macos",
  "generated_at_utc": "2026-02-17T13:37:16.085044Z",
  "warmup_runs": 3,
  "measure_runs": 15,
  "top_n": 1,
  "num_threads": -1,
  "build_options": 1039,
  "create_match_options": 8454175,
  "analyze_match_options": 8454175,
  "trial_id": 4,
  "sentence_count": 40,
  "init_ms": 1367.818,
  "elapsed_ms": 259.837,
  "total_analyses": 600,
  "total_chars": 20340,
  "total_tokens": 9660,
  "analyses_per_sec": 2309.139960821592,
  "chars_per_sec": 78279.84467185197,
  "tokens_per_sec": 37177.153369227635,
  "avg_latency_ms": 0.4330616666666666,
  "avg_token_latency_us": 26.89824016563147
}