{
  "runtime": "kiwipiepy",
  "platform": "macOS-15.7.4-arm64-arm-64bit-Mach-O",
  "generated_at_utc": "2026-02-17T13:37:17Z",
  "warmup_runs": 3,
  "measure_runs": 15,
  "top_n": 1,
  "num_workers": -1,
  "build_options": 1039,
  "create_match_options": 8454175,
  "analyze_match_options": 8454175,
  "trial_id": 4,
  "model_type": "cong",
  "sentence_count": 40,
  "init_ms": 681.9182079925667,
  "elapsed_ms": 178.4227500029374,
  "total_analyses": 600,
  "total_chars": 20340,
  "total_tokens": 9645,
  "analyses_per_sec": 3362.799867114043,
  "chars_per_sec": 113998.91549516606,
  "tokens_per_sec": 54057.00786385824,
  "avg_latency_ms": 0.29737125000489567,
  "avg_token_latency_us": 18.498989113834877
}