{
  "runtime": "kiwipiepy",
  "platform": "macOS-15.7.4-arm64-arm-64bit-Mach-O",
  "generated_at_utc": "2026-02-17T13:36:57Z",
  "warmup_runs": 3,
  "measure_runs": 15,
  "top_n": 1,
  "num_workers": -1,
  "build_options": 1039,
  "create_match_options": 8454175,
  "analyze_match_options": 8454175,
  "trial_id": 3,
  "model_type": "cong",
  "sentence_count": 40,
  "init_ms": 661.7632499837782,
  "elapsed_ms": 172.2003750037402,
  "total_analyses": 600,
  "total_chars": 20340,
  "total_tokens": 9645,
  "analyses_per_sec": 3484.3129696260416,
  "chars_per_sec": 118118.20967032282,
  "tokens_per_sec": 56010.33098673862,
  "avg_latency_ms": 0.28700062500623363,
  "avg_token_latency_us": 17.853849145022313
}