{
  "runtime": "kiwipiepy",
  "platform": "macOS-15.7.4-arm64-arm-64bit-Mach-O",
  "generated_at_utc": "2026-02-17T13:36:36Z",
  "warmup_runs": 3,
  "measure_runs": 15,
  "top_n": 1,
  "num_workers": -1,
  "build_options": 1039,
  "create_match_options": 8454175,
  "analyze_match_options": 8454175,
  "trial_id": 2,
  "model_type": "cong",
  "sentence_count": 40,
  "init_ms": 670.9844169963617,
  "elapsed_ms": 180.5599999788683,
  "total_analyses": 600,
  "total_chars": 20340,
  "total_tokens": 9645,
  "analyses_per_sec": 3322.995126662719,
  "chars_per_sec": 112649.53479386617,
  "tokens_per_sec": 53417.14666110321,
  "avg_latency_ms": 0.30093333329811384,
  "avg_token_latency_us": 18.720580609524966
}