{
  "runtime": "kiwipiepy",
  "platform": "macOS-15.7.4-arm64-arm-64bit-Mach-O",
  "generated_at_utc": "2026-02-17T10:14:27Z",
  "warmup_runs": 3,
  "measure_runs": 15,
  "top_n": 1,
  "num_workers": 0,
  "sentence_count": 40,
  "init_ms": 615.4476669908036,
  "elapsed_ms": 163.9607499819249,
  "total_analyses": 600,
  "total_chars": 20340,
  "total_tokens": 9645,
  "analyses_per_sec": 3659.4123902589145,
  "chars_per_sec": 124054.0800297772,
  "tokens_per_sec": 58825.05417341205,
  "avg_latency_ms": 0.2732679166365415,
  "avg_token_latency_us": 16.99955935530585
}