{
  "runtime": "kiwipiepy",
  "platform": "macOS-15.7.4-arm64-arm-64bit-Mach-O",
  "generated_at_utc": "2026-02-17T13:37:36Z",
  "warmup_runs": 3,
  "measure_runs": 15,
  "top_n": 1,
  "num_workers": -1,
  "build_options": 1039,
  "create_match_options": 8454175,
  "analyze_match_options": 8454175,
  "trial_id": 5,
  "model_type": "cong",
  "sentence_count": 40,
  "init_ms": 670.7524999801535,
  "elapsed_ms": 181.4953749999404,
  "total_analyses": 600,
  "total_chars": 20340,
  "total_tokens": 9645,
  "analyses_per_sec": 3305.869364440813,
  "chars_per_sec": 112068.97145454357,
  "tokens_per_sec": 53141.85003338607,
  "avg_latency_ms": 0.3024922916665673,
  "avg_token_latency_us": 18.81756091238366
}