{
  "runtime": "kiwipiepy",
  "platform": "macOS-15.7.4-arm64-arm-64bit-Mach-O",
  "generated_at_utc": "2026-02-17T09:06:11Z",
  "warmup_runs": 3,
  "measure_runs": 15,
  "top_n": 1,
  "num_workers": 0,
  "sentence_count": 40,
  "init_ms": 917.2669580148067,
  "elapsed_ms": 163.64204199635424,
  "total_analyses": 600,
  "total_chars": 20340,
  "total_tokens": 9645,
  "analyses_per_sec": 3666.539433756072,
  "chars_per_sec": 124295.68680433084,
  "tokens_per_sec": 58939.621397628856,
  "avg_latency_ms": 0.2727367366605904,
  "avg_token_latency_us": 16.966515499881208
}